post_url,media_type,duration,mime_type,thumbnail,video_url,image_url,post,author,media,stats
https://www.linkedin.com/posts/sean-goldfaden_venturecapital-founder-startup-activity-7342952121291427841-NV5A,image,,,,,https://media.licdn.com/dms/image/v2/D5622AQHVcpbcw2BT3Q/feedshare-shrink_2048_1536/B56ZeJs2W.HoAw-/0/1750361928001?e=1753315200&v=beta&t=fo2cWZHaW_BL-fp2CmJwldszZdtyguJiGTu2TPWotsQ,"{'id': '7342952121291427841', 'url': 'https://www.linkedin.com/posts/sean-goldfaden_venturecapital-founder-startup-activity-7342952121291427841-NV5A', 'created_at': {'timestamp': 1750699645675, 'date': '2025-06-23 19:27:25', 'relative': '1h'}, 'text': ""From humble beginnings to launching Serac Ventures...\nKevin Moore‚Äôs story is a reminder that action beats perfection every time üëáüèª\n\nIn this episode, we go deep on:\n- How fear became fuel for his entrepreneurial drive\n- Why ‚Äúdoing what you know‚Äù is the secret to finding your next move\n- The mindset that helped him break into VC (and raise his own fund)\n- What most first-time fund managers get wrong about fundraising\n- How Serac Ventures is using AI to evaluate founders beyond the pitch deck\n\nIf you're building from scratch ‚Äî this one will light a fire under you.\n\n‚Üí Link in the comments!\n\n#VentureCapital #Founder #Startup #Fundraising #VCfund #Podcast #Entrepreneur"", 'type': 'image'}","{'name': 'Sean Goldfaden', 'headline': 'Founder - CEO @ CoEfficient Labs | Paid Ads & UGC Videos üöÄ', 'profile_url': 'https://www.linkedin.com/in/sean-goldfaden?miniProfileUrn=urn%3Ali%3Afsd_profile%3AACoAAASVTDoBTwYXPTYdASXIKvTTral7w_Y8M94', 'profile_picture': 'https://media.licdn.com/dms/image/v2/D5635AQHFXXpUa4D9dA/profile-framedphoto-shrink_800_800/B56ZeBAD3QHUAg-/0/1750215966476?e=1751310000&v=beta&t=Yq0USK4Gyyl-Y4plM3MhRYhUQAXa15HF2m6eB7LBGkw', 'followers': None, 'company_id': None}","[{'type': 'image', 'url': 'https://media.licdn.com/dms/image/v2/D5622AQHVcpbcw2BT3Q/feedshare-shrink_2048_1536/B56ZeJs2W.HoAw-/0/1750361928001?e=1753315200&v=beta&t=fo2cWZHaW_BL-fp2CmJwldszZdtyguJiGTu2TPWotsQ'}]","{'total_reactions': 5, 'reactions': {'like': 4, 'appreciation': 1, 'empathy': 0, 'interest': 0, 'praise': 0, 'entertainment': 0}, 'comments': 4, 'shares': 2}"
https://www.linkedin.com/posts/sean-goldfaden_im-looking-for-my-1st-assistant-yes-activity-7341941942844301312-DcCc,image,,,,,https://media.licdn.com/dms/image/v2/D5622AQEOpa9ASdJE4Q/feedshare-shrink_2048_1536/B56ZePRSWMHQAo-/0/1750455364257?e=1753315200&v=beta&t=Hd1zkST1AMNZvPygZffbnG9U3daWoMyVTyMTT02ZYVQ,"{'id': '7341941942844301312', 'url': 'https://www.linkedin.com/posts/sean-goldfaden_im-looking-for-my-1st-assistant-yes-activity-7341941942844301312-DcCc', 'created_at': {'timestamp': 1750530449678, 'date': '2025-06-21 20:27:29', 'relative': '2d'}, 'text': ""I'm looking for my 1st Assistant üöÄ\nYes, for yours truly.\nIf you know me...‚¨áÔ∏è\n\nor maybe you've seen a video we put out üòâ üé• \n\nand you think you know someone who'd be the perfect fit. \n\nPlease make the intro üëáüèª\n\nüéôÔ∏è Tag them in the comments\nüëç 'LIKE' the post & I'll reach out privately\n‚ôªÔ∏è Repost for Good Karma!\n\nùêåùêÆùê¨ùê≠ ùêáùêöùêØùêûùê¨:\n-gotta be a go-getter\n-loves the vc & startup ecosystem\n-crushes inbox management\n-wants to work directly with the CEO\n-brings order to chaos\n-in LA (HQ in Santa Monica)"", 'type': 'image'}","{'name': 'Sean Goldfaden', 'headline': 'Founder - CEO @ CoEfficient Labs | Paid Ads & UGC Videos üöÄ', 'profile_url': 'https://www.linkedin.com/in/sean-goldfaden?miniProfileUrn=urn%3Ali%3Afsd_profile%3AACoAAASVTDoBTwYXPTYdASXIKvTTral7w_Y8M94', 'profile_picture': 'https://media.licdn.com/dms/image/v2/D5635AQHFXXpUa4D9dA/profile-framedphoto-shrink_800_800/B56ZeBAD3QHUAg-/0/1750215966476?e=1751310000&v=beta&t=Yq0USK4Gyyl-Y4plM3MhRYhUQAXa15HF2m6eB7LBGkw', 'followers': None, 'company_id': None}","[{'type': 'image', 'url': 'https://media.licdn.com/dms/image/v2/D5622AQEOpa9ASdJE4Q/feedshare-shrink_2048_1536/B56ZePRSWMHQAo-/0/1750455364257?e=1753315200&v=beta&t=Hd1zkST1AMNZvPygZffbnG9U3daWoMyVTyMTT02ZYVQ'}]","{'total_reactions': 13, 'reactions': {'like': 9, 'appreciation': 0, 'empathy': 1, 'interest': 0, 'praise': 3, 'entertainment': 0}, 'comments': 6, 'shares': 3}"
https://www.linkedin.com/posts/sean-goldfaden_extremeownership-alexhormozi-leadership-activity-7341864942129582080-sYqZ,video,79600,video/mp4,,https://dms.licdn.com/playlist/vid/v2/D5605AQEUjzXZGFKGsA/mp4-720p-30fp-crf28/B56ZeJkn.wHUBk-/0/1750359819640?e=1751310000&v=beta&t=aE7f004nm3k0zAMJWoL9dxNeO5gkIBM7vgE7hWZ0yBM,,"{'id': '7341864942129582080', 'url': 'https://www.linkedin.com/posts/sean-goldfaden_extremeownership-alexhormozi-leadership-activity-7341864942129582080-sYqZ', 'created_at': {'timestamp': 1750444053741, 'date': '2025-06-20 20:27:33', 'relative': '3d'}, 'text': '‚ÄúIf you want to feel better, blame others. \nIf you want to get better, blame yourself.‚Äù \n‚Äì Alex Hormozi\n\nThis clip hit me hard ‚Äî because it aligns perfectly with one of my favorite leadership books of all time: Extreme Ownership by Jocko Willink and Leif Babin.\n\nHere‚Äôs the uncomfortable truth:\n\nüõë Victim mindset kills performance\n\nüõ† Ownership mindset builds teams that win\n\nWhen something breaks down in our agency ‚Äî\n\nI don‚Äôt ask ‚Äúwho messed up?‚Äù\n\nI ask:\n‚Üí ‚ÄúWhat could I have done better?‚Äù\n‚Üí ‚ÄúWhere did I drop the ball as a leader?‚Äù\n\nExtreme Ownership dedicates an entire chapter to this:\n\nThere are no bad teams. Only bad leaders.\n\nBad leaders deflect.\n\nGreat leaders absorb.\n\nThey turn every failure into feedback.\n\nAt CoEfficient Labs, this isn‚Äôt just a leadership book on a shelf.\n\nIt‚Äôs baked into our culture ‚Äî from growth hackers to video editors to software engineers.\n\nWe don‚Äôt point fingers.\n\nWe point inward.\n\nBecause when the leadership takes ownership‚Ä¶\n\nthe whole team starts rowing in the same direction.\n\nüéß Watch the full video (it‚Äôs only 60 seconds) ‚Äî it might change how you lead this week.\n\nüìö Shoutout to Alex Hormozi, Jocko Willink, & Leif Babin ‚Äî your work shaped how I lead today.\n\n‚ù§Ô∏è\n\n#ExtremeOwnership #AlexHormozi #Leadership #Founder #CompanyCulture #Entrepreneurship #UGC #GrowthHacker #Startup #SocialMediaMarketing', 'type': 'video'}","{'name': 'Sean Goldfaden', 'headline': 'Founder - CEO @ CoEfficient Labs | Paid Ads & UGC Videos üöÄ', 'profile_url': 'https://www.linkedin.com/in/sean-goldfaden?miniProfileUrn=urn%3Ali%3Afsd_profile%3AACoAAASVTDoBTwYXPTYdASXIKvTTral7w_Y8M94', 'profile_picture': 'https://media.licdn.com/dms/image/v2/D5635AQHFXXpUa4D9dA/profile-framedphoto-shrink_800_800/B56ZeBAD3QHUAg-/0/1750215966476?e=1751310000&v=beta&t=Yq0USK4Gyyl-Y4plM3MhRYhUQAXa15HF2m6eB7LBGkw', 'followers': None, 'company_id': None}","[{'type': 'video', 'duration': 79600, 'thumbnail': None, 'video_url': 'https://dms.licdn.com/playlist/vid/v2/D5605AQEUjzXZGFKGsA/mp4-720p-30fp-crf28/B56ZeJkn.wHUBk-/0/1750359819640?e=1751310000&v=beta&t=aE7f004nm3k0zAMJWoL9dxNeO5gkIBM7vgE7hWZ0yBM', 'width': 720, 'height': 1280, 'mime_type': 'video/mp4', 'size': 0, 'bitrate': 1048174, 'aspect_ratio': 0.5625}]","{'total_reactions': 10, 'reactions': {'like': 10, 'appreciation': 0, 'empathy': 0, 'interest': 0, 'praise': 0, 'entertainment': 0}, 'comments': 0, 'shares': 0}"
https://www.linkedin.com/posts/sean-goldfaden_rick-smiths-tips-for-vc-success-activity-7340415388322586627-wkmA,document,,,,,,"{'id': '7340415388322586627', 'url': 'https://www.linkedin.com/posts/sean-goldfaden_rick-smiths-tips-for-vc-success-activity-7340415388322586627-wkmA', 'created_at': {'timestamp': 1750098457743, 'date': '2025-06-16 20:27:37', 'relative': '1w'}, 'text': '‚ÄúThere‚Äôs nothing more fun than saying yes.\nBut most of the job‚Ä¶ is saying no.‚Äù\nRick Smith, Co-Founder of Crosscut Ventures\n\nLet that sink in üëá\n\nVC looks glamorous from the outside.\n\nRaise a fund. Write checks. Build a portfolio of hot startups.\n\nBut according to Rick ‚Äî that‚Äôs not the job.\n\nThe job is passing.\n\nSticking to your strike zone.\n\nSaying no when everything in you wants to say yes.\n\nIn our latest episode of Demo Day, Rick broke down the 4 things every great deal needs:\n‚úÖ Market\n‚úÖ Product\n‚úÖ Team\n‚úÖ Valuation\n\nHere‚Äôs the wild part‚Ä¶\n\nEven if a company is GREAT ‚Äî\n\nif the entry price is wrong, the investment doesn‚Äôt work.\n\nIt‚Äôs possible to back a unicorn‚Ä¶\n\nand still lose money.\n\nThat‚Äôs why Rick plays the long game.\n\nAnd when he misses a winner?\n\nHe doesn‚Äôt second guess ‚Äî as long as he followed his process.\n\nüéß Full episode is now live. \n\nüì• Link in the comments.\n\n#VentureCapital #StartupInvesting #Fundraising #Founder #Investing #Investments #Podcast', 'type': 'document'}","{'name': 'Sean Goldfaden', 'headline': 'Founder - CEO @ CoEfficient Labs | Paid Ads & UGC Videos üöÄ', 'profile_url': 'https://www.linkedin.com/in/sean-goldfaden?miniProfileUrn=urn%3Ali%3Afsd_profile%3AACoAAASVTDoBTwYXPTYdASXIKvTTral7w_Y8M94', 'profile_picture': 'https://media.licdn.com/dms/image/v2/D5635AQHFXXpUa4D9dA/profile-framedphoto-shrink_800_800/B56ZeBAD3QHUAg-/0/1750215966476?e=1751310000&v=beta&t=Yq0USK4Gyyl-Y4plM3MhRYhUQAXa15HF2m6eB7LBGkw', 'followers': None, 'company_id': None}","[{'type': 'document', 'title': ""Rick Smith's Tips for VC Success"", 'thumbnail': 'https://media.licdn.com/dms/image/v2/D4E1FAQGzGZYPsxJ7Hw/feedshare-document-cover-images_1920/B4EZdgPaZFHYA4-/0/1749666361821?e=1751310000&v=beta&t=WMBIL2GIR_T29PolVSWK8zJ8bV5wrMi4Ycc3irwqqPE', 'url': 'https://media.licdn.com/dms/document/media/v2/D4E1FAQGzGZYPsxJ7Hw/feedshare-document-url-metadata-scrapper-pdf/B4EZdgPaZFHYA8-/0/1749666352938?e=1751310000&v=beta&t=WGgcmkNKsm86LdrXGGqO1UYIu0bIwiMh09ii7YPDIYs'}]","{'total_reactions': 8, 'reactions': {'like': 8, 'appreciation': 0, 'empathy': 0, 'interest': 0, 'praise': 0, 'entertainment': 0}, 'comments': 1, 'shares': 0}"
https://www.linkedin.com/posts/sean-goldfaden_founder-leadgen-marketing-activity-7339320686634573826-VHsY,video,279166,video/mp4,,https://dms.licdn.com/playlist/vid/v2/D5605AQGRBc9Zmx7hDg/mp4-720p-30fp-crf28/B56ZdXI2jUGoBg-/0/1749513807561?e=1751310000&v=beta&t=43VU2dJj4FhD0IP0QfZGk43l_ma8SIuXtxrXURAL-H8,,"{'id': '7339320686634573826', 'url': 'https://www.linkedin.com/posts/sean-goldfaden_founder-leadgen-marketing-activity-7339320686634573826-VHsY', 'created_at': {'timestamp': 1750098461830, 'date': '2025-06-16 20:27:41', 'relative': '1w'}, 'text': 'We showed up to hire students‚Ä¶ \nand left with leads.\nAt Loyola Marymount University‚Äôs career expo, we had one goal:\n\n‚Üí Meet great talent.\n\nBut what we didn‚Äôt expect?\n\nThe real value wasn‚Äôt just in the students‚Ä¶\n\nIt was in the other tables:\n- Recruiters\n- Sales leaders\n- Executives\n\nAll from companies we could actually help.\n\nSo we did what we always do:\n- Talked to everyone\n- Got the emails\n- Shared what makes us different\n\nNo fancy booth.\n\nNo hard sell.\n\nJust authentic connection.\n\nBecause whether it‚Äôs a job fair, a lunch meeting, or a yoga studio (yep, met someone from YogaWorks)...\n\n‚Üí It‚Äôs all a stage if you treat it like one.\n\nIf you want new business, new intros, new growth‚Äî\n\nYou can‚Äôt wait for the ‚Äúright moment.‚Äù\n\nYou need to make the moment.\n\n‚ù§Ô∏è\n\n#founder #leadgen #marketing #b2bmarketing #entrepreneurship', 'type': 'video'}","{'name': 'Sean Goldfaden', 'headline': 'Founder - CEO @ CoEfficient Labs | Paid Ads & UGC Videos üöÄ', 'profile_url': 'https://www.linkedin.com/in/sean-goldfaden?miniProfileUrn=urn%3Ali%3Afsd_profile%3AACoAAASVTDoBTwYXPTYdASXIKvTTral7w_Y8M94', 'profile_picture': 'https://media.licdn.com/dms/image/v2/D5635AQHFXXpUa4D9dA/profile-framedphoto-shrink_800_800/B56ZeBAD3QHUAg-/0/1750215966476?e=1751310000&v=beta&t=Yq0USK4Gyyl-Y4plM3MhRYhUQAXa15HF2m6eB7LBGkw', 'followers': None, 'company_id': None}","[{'type': 'video', 'duration': 279166, 'thumbnail': None, 'video_url': 'https://dms.licdn.com/playlist/vid/v2/D5605AQGRBc9Zmx7hDg/mp4-720p-30fp-crf28/B56ZdXI2jUGoBg-/0/1749513807561?e=1751310000&v=beta&t=43VU2dJj4FhD0IP0QfZGk43l_ma8SIuXtxrXURAL-H8', 'width': 1280, 'height': 720, 'mime_type': 'video/mp4', 'size': 0, 'bitrate': 1132307, 'aspect_ratio': 1.7777778}]","{'total_reactions': 2, 'reactions': {'like': 2, 'appreciation': 0, 'empathy': 0, 'interest': 0, 'praise': 0, 'entertainment': 0}, 'comments': 0, 'shares': 0}"
https://www.linkedin.com/posts/sean-goldfaden_venturecapital-investor-investment-activity-7338603440203304961-07Vf,video,55033,video/mp4,,https://dms.licdn.com/playlist/vid/v2/D5605AQErXAV3Hwri-Q/mp4-720p-30fp-crf28/B56ZdCbpCdHoBM-/0/1749166301834?e=1751310000&v=beta&t=1hnbsomfZkEn4ZpiyHpCNtY7uwsW1YU_qbQxF03Om5c,,"{'id': '7338603440203304961', 'url': 'https://www.linkedin.com/posts/sean-goldfaden_venturecapital-investor-investment-activity-7338603440203304961-07Vf', 'created_at': {'timestamp': 1750098465631, 'date': '2025-06-16 20:27:45', 'relative': '1w'}, 'text': 'VCs pass on countless deals throughout their careers‚Ä¶\nAnd inevitably, some of those passes become massive wins.\nHere are the 3 questions Rick Smith asks himself when a pass wins big:\n\n1. Did we even see the deal?\n- If not, why not? Was it in our network? In our market? That‚Äôs a sourcing gap.\n\n2. Was it in our strike zone?\n- Right stage, right sector, right founder? If not, maybe it just wasn‚Äôt a fit.\n\n3. Did we follow our process?\n- If yes, then even a miss is a win. Because consistency > regret.\n\nüí° The takeaway: Don‚Äôt obsess over what you didn‚Äôt do.\n\nObsess over having a repeatable process ‚Äî and sticking to it.\n\nüé• Full Demo Day Podcast episode with Rick Smith (Co-Founder of Crosscut Ventures) in the comments!\n\n#venturecapital #investor #investment #VC #startup #entrepreneur #founder', 'type': 'video'}","{'name': 'Sean Goldfaden', 'headline': 'Founder - CEO @ CoEfficient Labs | Paid Ads & UGC Videos üöÄ', 'profile_url': 'https://www.linkedin.com/in/sean-goldfaden?miniProfileUrn=urn%3Ali%3Afsd_profile%3AACoAAASVTDoBTwYXPTYdASXIKvTTral7w_Y8M94', 'profile_picture': 'https://media.licdn.com/dms/image/v2/D5635AQHFXXpUa4D9dA/profile-framedphoto-shrink_800_800/B56ZeBAD3QHUAg-/0/1750215966476?e=1751310000&v=beta&t=Yq0USK4Gyyl-Y4plM3MhRYhUQAXa15HF2m6eB7LBGkw', 'followers': None, 'company_id': None}","[{'type': 'video', 'duration': 55033, 'thumbnail': None, 'video_url': 'https://dms.licdn.com/playlist/vid/v2/D5605AQErXAV3Hwri-Q/mp4-720p-30fp-crf28/B56ZdCbpCdHoBM-/0/1749166301834?e=1751310000&v=beta&t=1hnbsomfZkEn4ZpiyHpCNtY7uwsW1YU_qbQxF03Om5c', 'width': 720, 'height': 1280, 'mime_type': 'video/mp4', 'size': 0, 'bitrate': 852824, 'aspect_ratio': 0.5625}]","{'total_reactions': 0, 'reactions': {'like': 0, 'appreciation': 0, 'empathy': 0, 'interest': 0, 'praise': 0, 'entertainment': 0}, 'comments': 1, 'shares': 1}"
https://www.linkedin.com/posts/sean-goldfaden_venturecapital-startup-founders-activity-7337878685523316736-y6LZ,image,,,,,https://media.licdn.com/dms/image/v2/D5622AQFpwvP89T15fw/feedshare-shrink_2048_1536/B56ZdCWa.zHoAo-/0/1749164867478?e=1753315200&v=beta&t=L5_Uw4BZl8r-6isG1syH9-Bqxx7Zhzj3shTZMJJO5hI,"{'id': '7337878685523316736', 'url': 'https://www.linkedin.com/posts/sean-goldfaden_venturecapital-startup-founders-activity-7337878685523316736-y6LZ', 'created_at': {'timestamp': 1749493669225, 'date': '2025-06-09 20:27:49', 'relative': '2w'}, 'text': ""Ever thought about launching your own VC fund?\nYou need to hear what Rick Smith shared üëáüèª\n\nIn one of our most honest convos yet, Rick walks through the real challenges of being a first-time VC ‚Äî and how to survive long enough to raise Fund II.\n\nHighlights from the episode:\n- How Crosscut Ventures almost didn‚Äôt make it\n- Why Fund II is the hardest to raise (and what gets you there)\n- The mindset shift that made Rick a better investor\n- What most junior VCs get wrong about breaking into the industry\n- Why ‚Äúswinging bigger‚Äù is the only path forward\n\nWhether you're raising a fund, building a startup, or dreaming of doing both ‚Äî this episode is required listening.\n\n‚Üí Link in the comments!\n\n#venturecapital #startup #founders #fundraising #investing #vcfund #investor"", 'type': 'image'}","{'name': 'Sean Goldfaden', 'headline': 'Founder - CEO @ CoEfficient Labs | Paid Ads & UGC Videos üöÄ', 'profile_url': 'https://www.linkedin.com/in/sean-goldfaden?miniProfileUrn=urn%3Ali%3Afsd_profile%3AACoAAASVTDoBTwYXPTYdASXIKvTTral7w_Y8M94', 'profile_picture': 'https://media.licdn.com/dms/image/v2/D5635AQHFXXpUa4D9dA/profile-framedphoto-shrink_800_800/B56ZeBAD3QHUAg-/0/1750215966476?e=1751310000&v=beta&t=Yq0USK4Gyyl-Y4plM3MhRYhUQAXa15HF2m6eB7LBGkw', 'followers': None, 'company_id': None}","[{'type': 'image', 'url': 'https://media.licdn.com/dms/image/v2/D5622AQFpwvP89T15fw/feedshare-shrink_2048_1536/B56ZdCWa.zHoAo-/0/1749164867478?e=1753315200&v=beta&t=L5_Uw4BZl8r-6isG1syH9-Bqxx7Zhzj3shTZMJJO5hI'}]","{'total_reactions': 20, 'reactions': {'like': 18, 'appreciation': 0, 'empathy': 0, 'interest': 1, 'praise': 1, 'entertainment': 0}, 'comments': 3, 'shares': 1}"
https://www.linkedin.com/posts/sean-goldfaden_such-a-shoot-with-mastercard-dave-need-activity-7336861550541946880-K1EQ,image,,,,,https://media.licdn.com/dms/image/v2/D5622AQEydDyE3iA2JQ/feedshare-shrink_2048_1536/B56ZdHEsnfGsAo-/0/1749244105276?e=1753315200&v=beta&t=gXCZDdxDEC7I2sVI3Srdd2h7MW6BOXHF5KjEphony2A,"{'id': '7336861550541946880', 'url': 'https://www.linkedin.com/posts/sean-goldfaden_such-a-shoot-with-mastercard-dave-need-activity-7336861550541946880-K1EQ', 'created_at': {'timestamp': 1749493675069, 'date': '2025-06-09 20:27:55', 'relative': '2w'}, 'text': 'Such a üî• shoot with Mastercard & Dave.\nNeed video & product photography? We got you ‚¨áÔ∏è \n\nHuge huge huuuuge shoutout to our team.\n\nWhat a flawless execution.\n\nJen Goldfaden, Franco Patino, & Joel DeVries.\n\nYou three are magic!\n\n‚ù§Ô∏è', 'type': 'image'}","{'name': 'Sean Goldfaden', 'headline': 'Founder - CEO @ CoEfficient Labs | Paid Ads & UGC Videos üöÄ', 'profile_url': 'https://www.linkedin.com/in/sean-goldfaden?miniProfileUrn=urn%3Ali%3Afsd_profile%3AACoAAASVTDoBTwYXPTYdASXIKvTTral7w_Y8M94', 'profile_picture': 'https://media.licdn.com/dms/image/v2/D5635AQHFXXpUa4D9dA/profile-framedphoto-shrink_800_800/B56ZeBAD3QHUAg-/0/1750215966476?e=1751310000&v=beta&t=Yq0USK4Gyyl-Y4plM3MhRYhUQAXa15HF2m6eB7LBGkw', 'followers': None, 'company_id': None}","[{'type': 'image', 'url': 'https://media.licdn.com/dms/image/v2/D5622AQEydDyE3iA2JQ/feedshare-shrink_2048_1536/B56ZdHEsnfGsAo-/0/1749244105276?e=1753315200&v=beta&t=gXCZDdxDEC7I2sVI3Srdd2h7MW6BOXHF5KjEphony2A'}]","{'total_reactions': 8, 'reactions': {'like': 8, 'appreciation': 0, 'empathy': 0, 'interest': 0, 'praise': 0, 'entertainment': 0}, 'comments': 0, 'shares': 0}"
https://www.linkedin.com/posts/sean-goldfaden_subsummit-subsummit2025-ugc-activity-7336436667722977282-uGT7,video,57766,video/mp4,,https://dms.licdn.com/playlist/vid/v2/D5605AQFkmTuhw1UrPw/mp4-720p-30fp-crf28/B56ZdA.0hiGsBM-/0/1749141930180?e=1751310000&v=beta&t=teukURLriX_XXG1UXEP-HRbBNvyR0Brxtp0xoEcvXbw,,"{'id': '7336436667722977282', 'url': 'https://www.linkedin.com/posts/sean-goldfaden_subsummit-subsummit2025-ugc-activity-7336436667722977282-uGT7', 'created_at': {'timestamp': 1749493680447, 'date': '2025-06-09 20:28:00', 'relative': '2w'}, 'text': 'How we turn conference leads into calls (instantly)!\nIt all starts with a coin ü™ô\n\nEach custom CoEfficient Labs / SubSummit coin has a QR code that takes you to:\n\n1Ô∏è‚É£ A central hub with all our #SubSummit content\n2Ô∏è‚É£ A secret offer ‚Äî $5,000 off a bundle of UGC videos üé•\n\nWhether you just want to see the interviews and recaps‚Ä¶\n\nOr you‚Äôre a brand ready to level up your ad creative ‚Äî the coin has you covered.\n\nIt‚Äôs rare. It‚Äôs fun. It‚Äôs actually valuable.\n\nAnd we only made 100 of them ‚Äî once they‚Äôre gone, they‚Äôre gone.\n\nLet‚Äôs GO. #SubSummit2025\n\nüé• Watch the video for the full story üëá\n\n#UGC #GrowthHacker #DTC #ContentMarketing #Subscription #DigitalMarketing #SocialMediaMarketing #Conference', 'type': 'video'}","{'name': 'Sean Goldfaden', 'headline': 'Founder - CEO @ CoEfficient Labs | Paid Ads & UGC Videos üöÄ', 'profile_url': 'https://www.linkedin.com/in/sean-goldfaden?miniProfileUrn=urn%3Ali%3Afsd_profile%3AACoAAASVTDoBTwYXPTYdASXIKvTTral7w_Y8M94', 'profile_picture': 'https://media.licdn.com/dms/image/v2/D5635AQHFXXpUa4D9dA/profile-framedphoto-shrink_800_800/B56ZeBAD3QHUAg-/0/1750215966476?e=1751310000&v=beta&t=Yq0USK4Gyyl-Y4plM3MhRYhUQAXa15HF2m6eB7LBGkw', 'followers': None, 'company_id': None}","[{'type': 'video', 'duration': 57766, 'thumbnail': None, 'video_url': 'https://dms.licdn.com/playlist/vid/v2/D5605AQFkmTuhw1UrPw/mp4-720p-30fp-crf28/B56ZdA.0hiGsBM-/0/1749141930180?e=1751310000&v=beta&t=teukURLriX_XXG1UXEP-HRbBNvyR0Brxtp0xoEcvXbw', 'width': 720, 'height': 1280, 'mime_type': 'video/mp4', 'size': 0, 'bitrate': 1152100, 'aspect_ratio': 0.5625}]","{'total_reactions': 6, 'reactions': {'like': 4, 'appreciation': 0, 'empathy': 2, 'interest': 0, 'praise': 0, 'entertainment': 0}, 'comments': 24, 'shares': 2}"
https://www.linkedin.com/posts/sean-goldfaden_subsummit2025-subsummit-dtc-activity-7336110656061919233-Tcyd,video,72333,video/mp4,,https://dms.licdn.com/playlist/vid/v2/D5605AQFiGgRFSIxI-Q/mp4-720p-30fp-crf28/B56Zc8XFFHGsBQ-/0/1749065077201?e=1751310000&v=beta&t=t-IgsVsG6et3d6Mxa_LDXZp4cEnJLAPsNPN8kReUjaM,,"{'id': '7336110656061919233', 'url': 'https://www.linkedin.com/posts/sean-goldfaden_subsummit2025-subsummit-dtc-activity-7336110656061919233-Tcyd', 'created_at': {'timestamp': 1749493685166, 'date': '2025-06-09 20:28:05', 'relative': '2w'}, 'text': 'As we were getting kicked out‚Ä¶\nWe HAD to ask one more question:\nWhat‚Äôs the point of going to events like these?\n\n- This is how you meet people on a deeper level\n- People do business with people\n- Personal relationships are key to any business relationship\n- It‚Äôs a great place to gain industry knowledge\n\nShoutout to our great interviewees:\n- Nickeytha Ramsey @ Junobie, LLC\n- Hemant Varshney @ DigiCom (Digital Commerce Corporation)\n- Mike Constandatos, MBA @ DigiCom (Digital Commerce Corporation)\n- Greg Johnston @ Fastr\n- Allison Spalaris @ Vellabox\n\nüé• Watch the video for the full vibe üëá\n\n#SubSummit2025 #SubSummit #DTC #UGC #Networking #SubscriptionEconomy #ContentMarketing #Subscriptions', 'type': 'video'}","{'name': 'Sean Goldfaden', 'headline': 'Founder - CEO @ CoEfficient Labs | Paid Ads & UGC Videos üöÄ', 'profile_url': 'https://www.linkedin.com/in/sean-goldfaden?miniProfileUrn=urn%3Ali%3Afsd_profile%3AACoAAASVTDoBTwYXPTYdASXIKvTTral7w_Y8M94', 'profile_picture': 'https://media.licdn.com/dms/image/v2/D5635AQHFXXpUa4D9dA/profile-framedphoto-shrink_800_800/B56ZeBAD3QHUAg-/0/1750215966476?e=1751310000&v=beta&t=Yq0USK4Gyyl-Y4plM3MhRYhUQAXa15HF2m6eB7LBGkw', 'followers': None, 'company_id': None}","[{'type': 'video', 'duration': 72333, 'thumbnail': None, 'video_url': 'https://dms.licdn.com/playlist/vid/v2/D5605AQFiGgRFSIxI-Q/mp4-720p-30fp-crf28/B56Zc8XFFHGsBQ-/0/1749065077201?e=1751310000&v=beta&t=t-IgsVsG6et3d6Mxa_LDXZp4cEnJLAPsNPN8kReUjaM', 'width': 720, 'height': 1280, 'mime_type': 'video/mp4', 'size': 0, 'bitrate': 1210689, 'aspect_ratio': 0.5625}]","{'total_reactions': 20, 'reactions': {'like': 15, 'appreciation': 0, 'empathy': 2, 'interest': 0, 'praise': 2, 'entertainment': 1}, 'comments': 0, 'shares': 2}"
https://www.linkedin.com/posts/sean-goldfaden_ecommerce-subscriptions-subsummit2025-activity-7335368709198282754--Afy,video,54866,video/mp4,https://media.licdn.com/dms/image/v2/D5605AQFmVUntQXhU_g/videocover-high/B56Zcx24DGHgBo-/0/1748888170990?e=1751310000&v=beta&t=WsCu0O5wENxWybtt45dgSbxpv74QLCllWrclb8vArGI,https://dms.licdn.com/playlist/vid/v2/D5605AQFmVUntQXhU_g/mp4-720p-30fp-crf28/B56Zcx24DGHgBQ-/0/1748888181296?e=1751310000&v=beta&t=_larg049MmUt6WD1YQcaERkaumDGSsMNtWDQ-CJmKw4,,"{'id': '7335368709198282754', 'url': 'https://www.linkedin.com/posts/sean-goldfaden_ecommerce-subscriptions-subsummit2025-activity-7335368709198282754--Afy', 'created_at': {'timestamp': 1748888889935, 'date': '2025-06-02 20:28:09', 'relative': '3w'}, 'text': 'Giant dancing robots, an open bar‚Ä¶\nLIVE Music from Mike Posner!! \nWhat the heck just happened at SubSummit?!? üëáüèª\n\nIn between all the chaos, we asked founders & marketers:\n\n‚ÄúWhat was your biggest takeaway from SubSummit 2025?‚Äù\n\nThe answers? üî•\n\nSpecial shout out to our closing night interviewees:\n\nJeremy Foreshew @ Talkable\nSanika Lahane\n\nSubSummit ‚Äî THANK YOU.\n\nThis was the best conference we‚Äôve been to all year.\nFor anyone in #ECommerce & #Subscriptions‚Ä¶\nThis is a MUST in 2026!\n\n10/10 Recommend!\n\nüé• Watch the video for the full afterparty energy üëá\n\n#SubSummit2025 #Conference #DTC #ContentMarketing #UGC #SubscriptionEconomy', 'type': 'video'}","{'name': 'Sean Goldfaden', 'headline': 'Founder - CEO @ CoEfficient Labs | Paid Ads & UGC Videos üöÄ', 'profile_url': 'https://www.linkedin.com/in/sean-goldfaden?miniProfileUrn=urn%3Ali%3Afsd_profile%3AACoAAASVTDoBTwYXPTYdASXIKvTTral7w_Y8M94', 'profile_picture': 'https://media.licdn.com/dms/image/v2/D5635AQHFXXpUa4D9dA/profile-framedphoto-shrink_800_800/B56ZeBAD3QHUAg-/0/1750215966476?e=1751310000&v=beta&t=Yq0USK4Gyyl-Y4plM3MhRYhUQAXa15HF2m6eB7LBGkw', 'followers': None, 'company_id': None}","[{'type': 'video', 'duration': 54866, 'thumbnail': 'https://media.licdn.com/dms/image/v2/D5605AQFmVUntQXhU_g/videocover-high/B56Zcx24DGHgBo-/0/1748888170990?e=1751310000&v=beta&t=WsCu0O5wENxWybtt45dgSbxpv74QLCllWrclb8vArGI', 'video_url': 'https://dms.licdn.com/playlist/vid/v2/D5605AQFmVUntQXhU_g/mp4-720p-30fp-crf28/B56Zcx24DGHgBQ-/0/1748888181296?e=1751310000&v=beta&t=_larg049MmUt6WD1YQcaERkaumDGSsMNtWDQ-CJmKw4', 'width': 1280, 'height': 720, 'mime_type': 'video/mp4', 'size': 0, 'bitrate': 787699, 'aspect_ratio': 1.7777778}]","{'total_reactions': 15, 'reactions': {'like': 9, 'appreciation': 0, 'empathy': 5, 'interest': 0, 'praise': 1, 'entertainment': 0}, 'comments': 6, 'shares': 0}"
https://www.linkedin.com/posts/sean-goldfaden_subsummit2025-subsummit-conference-activity-7334264137276866562-cH_4,video,45633,video/mp4,,https://dms.licdn.com/playlist/vid/v2/D5605AQFNNy1GhimBdw/mp4-720p-30fp-crf28/B56ZciKAh1G0BM-/0/1748624826145?e=1751310000&v=beta&t=8SEdS4a7Wy_Qauo3Ix55Yl5jh6KTQy_91_o0bbbs7jI,,"{'id': '7334264137276866562', 'url': 'https://www.linkedin.com/posts/sean-goldfaden_subsummit2025-subsummit-conference-activity-7334264137276866562-cH_4', 'created_at': {'timestamp': 1748888894524, 'date': '2025-06-02 20:28:14', 'relative': '3w'}, 'text': 'Attending conferences are a big investment‚Ä¶\nTime, money, energy ‚Äî it‚Äôs all costly.\nHere‚Äôs what‚Äôs going down at #SubSummit2025 üëáüèª\n\n- The world‚Äôs best vendors for Subscription Brands\n- The most cutting edge trends in AI\n- Hearing great insights from speakers\n- We‚Äôre all helping each other solve problems\n\nSpecial shout out to our wonderful interviewees!\n-Zohaib Rattu ‚òÉÔ∏è @ Social Snowball ‚òÉÔ∏è\n-Thomas Lalas @ The Art of eComm\n-Brett Smith @ Google\n-Cassandra Baas @ APC Postal Logistics\n\nStay tuned for more from the floor of SubSummit!\n\n#SubSummit #Conference #Subscription #SubscriptionBrands #DTC #Marketing #Business', 'type': 'video'}","{'name': 'Sean Goldfaden', 'headline': 'Founder - CEO @ CoEfficient Labs | Paid Ads & UGC Videos üöÄ', 'profile_url': 'https://www.linkedin.com/in/sean-goldfaden?miniProfileUrn=urn%3Ali%3Afsd_profile%3AACoAAASVTDoBTwYXPTYdASXIKvTTral7w_Y8M94', 'profile_picture': 'https://media.licdn.com/dms/image/v2/D5635AQHFXXpUa4D9dA/profile-framedphoto-shrink_800_800/B56ZeBAD3QHUAg-/0/1750215966476?e=1751310000&v=beta&t=Yq0USK4Gyyl-Y4plM3MhRYhUQAXa15HF2m6eB7LBGkw', 'followers': None, 'company_id': None}","[{'type': 'video', 'duration': 45633, 'thumbnail': None, 'video_url': 'https://dms.licdn.com/playlist/vid/v2/D5605AQFNNy1GhimBdw/mp4-720p-30fp-crf28/B56ZciKAh1G0BM-/0/1748624826145?e=1751310000&v=beta&t=8SEdS4a7Wy_Qauo3Ix55Yl5jh6KTQy_91_o0bbbs7jI', 'width': 720, 'height': 1280, 'mime_type': 'video/mp4', 'size': 0, 'bitrate': 1038276, 'aspect_ratio': 0.5625}]","{'total_reactions': 23, 'reactions': {'like': 17, 'appreciation': 0, 'empathy': 5, 'interest': 0, 'praise': 1, 'entertainment': 0}, 'comments': 3, 'shares': 4}"
https://www.linkedin.com/posts/sean-goldfaden_subsummit-subsummit2025-subscriptioneconomy-activity-7333994650879348736-S91q,video,83933,video/mp4,,https://dms.licdn.com/playlist/vid/v2/D5605AQGq96yi3bZs-g/mp4-720p-30fp-crf28/B56ZceU3nKHUBQ-/0/1748560581626?e=1751310000&v=beta&t=MRvnXokHve1tpEj2cAOeEwnkXhri3u0KB5DREiiXvKM,,"{'id': '7333994650879348736', 'url': 'https://www.linkedin.com/posts/sean-goldfaden_subsummit-subsummit2025-subscriptioneconomy-activity-7333994650879348736-S91q', 'created_at': {'timestamp': 1748888898415, 'date': '2025-06-02 20:28:18', 'relative': '3w'}, 'text': 'Day 2 @ SubSummit ‚Äî in the books!\nAnd you won‚Äôt believe how it endedüëá\n\nFirst we saw some great panelists:\n-Trovon C. Williams, MBA @ NAACP\n-Julie Hansen @ Babbel\n-Christopher George @ SubSummit\n-Megan Krouse @ Cinemark\n-Joe Rohrlich @ Recurly\n\nThen we saw the Above The Fold Podcast LIVE: \n-Amazing Host - Jess Cervellon @ Open Late Collective\n-Rockstar Guest - Ren Fuller-Wasserman @ TUSHY - hellotushy.com\n\nFollowed by one of the best dinners EVER!\n\nNik Sharma ‚Äî you‚Äôre the man! (thanks for having us)\nIan Myers üåä (Oceans) ‚Äî appreciate you guys!\nMichael Broukhim (FabFitFun) ‚Äî great meeting you!\n\nWouldn‚Äôt be a FULL day without the After Hours Party!\n\nChewonthis DTC ‚Äî you guys crushed it!\n\nWe‚Äôre having a blast at #SubSummit!\n\nSpecial thanks to our Day 2 interviewees!:\n-Nikeytha Ramsey @ Junobie, LLC\n-Zohaib Rattu ‚òÉÔ∏è @ Social Snowball ‚òÉÔ∏è\n-Thomas Lalas @ The Art of eComm\n-Reed Corry @ Brevo\n-Daniel Miyares @ KODIF\n-Dr. Brandon Smith @ Vensure Employer Solutions\n-David Valentine @ Finch\n-Rachel Haley @ Finch\n-Cameron Gawley @ Gardencup\n\nDAY 3! WE‚ÄôRE COMING FOR YOU!\n\nüöÄ\n\n#SubSummit2025 #SubscriptionEconomy #DTCMarketing #SAAS', 'type': 'video'}","{'name': 'Sean Goldfaden', 'headline': 'Founder - CEO @ CoEfficient Labs | Paid Ads & UGC Videos üöÄ', 'profile_url': 'https://www.linkedin.com/in/sean-goldfaden?miniProfileUrn=urn%3Ali%3Afsd_profile%3AACoAAASVTDoBTwYXPTYdASXIKvTTral7w_Y8M94', 'profile_picture': 'https://media.licdn.com/dms/image/v2/D5635AQHFXXpUa4D9dA/profile-framedphoto-shrink_800_800/B56ZeBAD3QHUAg-/0/1750215966476?e=1751310000&v=beta&t=Yq0USK4Gyyl-Y4plM3MhRYhUQAXa15HF2m6eB7LBGkw', 'followers': None, 'company_id': None}","[{'type': 'video', 'duration': 83933, 'thumbnail': None, 'video_url': 'https://dms.licdn.com/playlist/vid/v2/D5605AQGq96yi3bZs-g/mp4-720p-30fp-crf28/B56ZceU3nKHUBQ-/0/1748560581626?e=1751310000&v=beta&t=MRvnXokHve1tpEj2cAOeEwnkXhri3u0KB5DREiiXvKM', 'width': 720, 'height': 1280, 'mime_type': 'video/mp4', 'size': 0, 'bitrate': 1177558, 'aspect_ratio': 0.5625}]","{'total_reactions': 22, 'reactions': {'like': 15, 'appreciation': 0, 'empathy': 7, 'interest': 0, 'praise': 0, 'entertainment': 0}, 'comments': 3, 'shares': 2}"
https://www.linkedin.com/posts/sean-goldfaden_conferences-can-be-overwhelming-as-f-activity-7333952681457188864-DOBn,video,60600,video/mp4,,https://dms.licdn.com/playlist/vid/v2/D5605AQFHI7H1PK8dKw/mp4-720p-30fp-crf28/B56ZcdXcO2G0BU-/0/1748544486770?e=1751310000&v=beta&t=nimGsypl4QJJHDdHy8LEpScZWNYyCNMfCgzUUis_e4s,,"{'id': '7333952681457188864', 'url': 'https://www.linkedin.com/posts/sean-goldfaden_conferences-can-be-overwhelming-as-f-activity-7333952681457188864-DOBn', 'created_at': {'timestamp': 1748888902071, 'date': '2025-06-02 20:28:22', 'relative': '3w'}, 'text': 'Conferences can be overwhelming as f***!\nHere‚Äôs how to get the most value from themüëáüèª\n\n1. Map your plan BEFORE the event\n2. Know which ppl you absolutely want to talk with\n3. Find brands you can partner with\n4. Even if you don‚Äôt sell ‚Äî awareness breeds awareness!\n5. Get over your fear ‚Äî say f*** it ‚Äî and introduce yourself!\n\nSpecial shout out to our wonderful interviewees!\n-Jake Tlapek @ Finch\n-Ian Myers üåä @ Oceans\n-Eliott Khodari @ Curate to Create Manufacturing\n\nSubSummit - we love you guys!\n\nChristopher George - such an epic event! Thanks man üëäüèª', 'type': 'video'}","{'name': 'Sean Goldfaden', 'headline': 'Founder - CEO @ CoEfficient Labs | Paid Ads & UGC Videos üöÄ', 'profile_url': 'https://www.linkedin.com/in/sean-goldfaden?miniProfileUrn=urn%3Ali%3Afsd_profile%3AACoAAASVTDoBTwYXPTYdASXIKvTTral7w_Y8M94', 'profile_picture': 'https://media.licdn.com/dms/image/v2/D5635AQHFXXpUa4D9dA/profile-framedphoto-shrink_800_800/B56ZeBAD3QHUAg-/0/1750215966476?e=1751310000&v=beta&t=Yq0USK4Gyyl-Y4plM3MhRYhUQAXa15HF2m6eB7LBGkw', 'followers': None, 'company_id': None}","[{'type': 'video', 'duration': 60600, 'thumbnail': None, 'video_url': 'https://dms.licdn.com/playlist/vid/v2/D5605AQFHI7H1PK8dKw/mp4-720p-30fp-crf28/B56ZcdXcO2G0BU-/0/1748544486770?e=1751310000&v=beta&t=nimGsypl4QJJHDdHy8LEpScZWNYyCNMfCgzUUis_e4s', 'width': 720, 'height': 1280, 'mime_type': 'video/mp4', 'size': 0, 'bitrate': 1091859, 'aspect_ratio': 0.5625}]","{'total_reactions': 11, 'reactions': {'like': 11, 'appreciation': 0, 'empathy': 0, 'interest': 0, 'praise': 0, 'entertainment': 0}, 'comments': 1, 'shares': 0}"
